phase,seed,method,episodes,successes,success_rate,success_gate_pass,common_success_episodes,joint_jerk_ratio,tcp_jerk_ratio,matched_duration_baseline_median_s,matched_duration_candidate_median_s,matched_duration_ratio,all_success_duration_mean_s,all_success_duration_median_s,command_audit,freeze_audit
screen,20260930,baseline,120,117,0.975,,117,1.0,1.0,2.466666666666667,2.466666666666667,1.0,2.595584045584045,2.466666666666667,pass,pass
screen,20260930,pose_ema_a06,120,117,0.975,False,114,0.7158290800665738,0.46409334063790475,2.4583333333333335,2.6333333333333333,1.071186440677966,2.8279202279202273,2.65,pass,pass
screen,20260930,pose_ema_a08,120,120,1.0,True,117,0.8490747891630416,0.6991292033999739,2.466666666666667,2.5083333333333333,1.0168918918918919,2.7169444444444446,2.5125,pass,pass
screen,20260930,xyz_ema_a06,120,117,0.975,False,114,0.7243957928331091,0.45750295377395533,2.466666666666667,2.683333333333333,1.0878378378378377,2.864529914529915,2.7,pass,pass
screen,20260930,xyz_ema_a08,120,119,0.9916666666666667,True,116,0.8552417319395454,0.6969938411387908,2.475,2.5416666666666665,1.0269360269360268,2.6691176470588234,2.55,pass,pass
pose_holdout,20261009,baseline,120,118,0.9833333333333333,,118,1.0,1.0,2.466666666666667,2.466666666666667,1.0,2.593290960451977,2.466666666666667,pass,pass
pose_holdout,20261009,pose_ema_a08,120,117,0.975,False,115,0.8687056204892413,0.7063104166878028,2.466666666666667,2.591666666666667,1.0506756756756757,2.6940170940170938,2.575,pass,pass
xyz_holdout,20261010,baseline,120,116,0.9666666666666667,,116,1.0,1.0,2.5,2.5,1.0,2.6357040229885054,2.5,pass,pass
xyz_holdout,20261010,xyz_ema_a08,120,117,0.975,False,113,0.8641657366760148,0.6947814829633484,2.4916666666666667,2.5083333333333333,1.0066889632107023,2.627136752136752,2.5166666666666666,pass,pass
conservative,20261011,baseline,120,119,0.9916666666666667,,119,1.0,1.0,2.4833333333333334,2.4833333333333334,1.0,2.5817927170868344,2.4833333333333334,pass,pass
conservative,20261011,xyz_ema_a09,120,118,0.9833333333333333,False,117,0.9213139723782299,0.8383414363717703,2.475,2.5083333333333333,1.0134680134680134,2.6840395480225987,2.5083333333333333,pass,pass
