phase,seed,method,floor,successes,episodes,success_rate
screen,20260930,baseline,24,9,10,0.9
screen,20260930,baseline,25,10,10,1.0
screen,20260930,baseline,26,10,10,1.0
screen,20260930,baseline,27,10,10,1.0
screen,20260930,baseline,28,10,10,1.0
screen,20260930,baseline,29,10,10,1.0
screen,20260930,baseline,30,9,10,0.9
screen,20260930,baseline,31,10,10,1.0
screen,20260930,baseline,32,10,10,1.0
screen,20260930,baseline,33,10,10,1.0
screen,20260930,baseline,34,10,10,1.0
screen,20260930,baseline,35,9,10,0.9
screen,20260930,pose_ema_a06,24,10,10,1.0
screen,20260930,pose_ema_a06,25,10,10,1.0
screen,20260930,pose_ema_a06,26,10,10,1.0
screen,20260930,pose_ema_a06,27,10,10,1.0
screen,20260930,pose_ema_a06,28,10,10,1.0
screen,20260930,pose_ema_a06,29,9,10,0.9
screen,20260930,pose_ema_a06,30,9,10,0.9
screen,20260930,pose_ema_a06,31,9,10,0.9
screen,20260930,pose_ema_a06,32,10,10,1.0
screen,20260930,pose_ema_a06,33,10,10,1.0
screen,20260930,pose_ema_a06,34,10,10,1.0
screen,20260930,pose_ema_a06,35,10,10,1.0
screen,20260930,pose_ema_a08,24,10,10,1.0
screen,20260930,pose_ema_a08,25,10,10,1.0
screen,20260930,pose_ema_a08,26,10,10,1.0
screen,20260930,pose_ema_a08,27,10,10,1.0
screen,20260930,pose_ema_a08,28,10,10,1.0
screen,20260930,pose_ema_a08,29,10,10,1.0
screen,20260930,pose_ema_a08,30,10,10,1.0
screen,20260930,pose_ema_a08,31,10,10,1.0
screen,20260930,pose_ema_a08,32,10,10,1.0
screen,20260930,pose_ema_a08,33,10,10,1.0
screen,20260930,pose_ema_a08,34,10,10,1.0
screen,20260930,pose_ema_a08,35,10,10,1.0
screen,20260930,xyz_ema_a06,24,10,10,1.0
screen,20260930,xyz_ema_a06,25,10,10,1.0
screen,20260930,xyz_ema_a06,26,10,10,1.0
screen,20260930,xyz_ema_a06,27,9,10,0.9
screen,20260930,xyz_ema_a06,28,10,10,1.0
screen,20260930,xyz_ema_a06,29,10,10,1.0
screen,20260930,xyz_ema_a06,30,10,10,1.0
screen,20260930,xyz_ema_a06,31,9,10,0.9
screen,20260930,xyz_ema_a06,32,9,10,0.9
screen,20260930,xyz_ema_a06,33,10,10,1.0
screen,20260930,xyz_ema_a06,34,10,10,1.0
screen,20260930,xyz_ema_a06,35,10,10,1.0
screen,20260930,xyz_ema_a08,24,10,10,1.0
screen,20260930,xyz_ema_a08,25,10,10,1.0
screen,20260930,xyz_ema_a08,26,10,10,1.0
screen,20260930,xyz_ema_a08,27,10,10,1.0
screen,20260930,xyz_ema_a08,28,10,10,1.0
screen,20260930,xyz_ema_a08,29,10,10,1.0
screen,20260930,xyz_ema_a08,30,10,10,1.0
screen,20260930,xyz_ema_a08,31,10,10,1.0
screen,20260930,xyz_ema_a08,32,10,10,1.0
screen,20260930,xyz_ema_a08,33,10,10,1.0
screen,20260930,xyz_ema_a08,34,9,10,0.9
screen,20260930,xyz_ema_a08,35,10,10,1.0
pose_holdout,20261009,baseline,24,8,10,0.8
pose_holdout,20261009,baseline,25,10,10,1.0
pose_holdout,20261009,baseline,26,10,10,1.0
pose_holdout,20261009,baseline,27,10,10,1.0
pose_holdout,20261009,baseline,28,10,10,1.0
pose_holdout,20261009,baseline,29,10,10,1.0
pose_holdout,20261009,baseline,30,10,10,1.0
pose_holdout,20261009,baseline,31,10,10,1.0
pose_holdout,20261009,baseline,32,10,10,1.0
pose_holdout,20261009,baseline,33,10,10,1.0
pose_holdout,20261009,baseline,34,10,10,1.0
pose_holdout,20261009,baseline,35,10,10,1.0
pose_holdout,20261009,pose_ema_a08,24,10,10,1.0
pose_holdout,20261009,pose_ema_a08,25,10,10,1.0
pose_holdout,20261009,pose_ema_a08,26,10,10,1.0
pose_holdout,20261009,pose_ema_a08,27,9,10,0.9
pose_holdout,20261009,pose_ema_a08,28,10,10,1.0
pose_holdout,20261009,pose_ema_a08,29,10,10,1.0
pose_holdout,20261009,pose_ema_a08,30,10,10,1.0
pose_holdout,20261009,pose_ema_a08,31,9,10,0.9
pose_holdout,20261009,pose_ema_a08,32,9,10,0.9
pose_holdout,20261009,pose_ema_a08,33,10,10,1.0
pose_holdout,20261009,pose_ema_a08,34,10,10,1.0
pose_holdout,20261009,pose_ema_a08,35,10,10,1.0
xyz_holdout,20261010,baseline,24,10,10,1.0
xyz_holdout,20261010,baseline,25,10,10,1.0
xyz_holdout,20261010,baseline,26,9,10,0.9
xyz_holdout,20261010,baseline,27,9,10,0.9
xyz_holdout,20261010,baseline,28,10,10,1.0
xyz_holdout,20261010,baseline,29,8,10,0.8
xyz_holdout,20261010,baseline,30,10,10,1.0
xyz_holdout,20261010,baseline,31,10,10,1.0
xyz_holdout,20261010,baseline,32,10,10,1.0
xyz_holdout,20261010,baseline,33,10,10,1.0
xyz_holdout,20261010,baseline,34,10,10,1.0
xyz_holdout,20261010,baseline,35,10,10,1.0
xyz_holdout,20261010,xyz_ema_a08,24,10,10,1.0
xyz_holdout,20261010,xyz_ema_a08,25,10,10,1.0
xyz_holdout,20261010,xyz_ema_a08,26,10,10,1.0
xyz_holdout,20261010,xyz_ema_a08,27,10,10,1.0
xyz_holdout,20261010,xyz_ema_a08,28,10,10,1.0
xyz_holdout,20261010,xyz_ema_a08,29,9,10,0.9
xyz_holdout,20261010,xyz_ema_a08,30,9,10,0.9
xyz_holdout,20261010,xyz_ema_a08,31,9,10,0.9
xyz_holdout,20261010,xyz_ema_a08,32,10,10,1.0
xyz_holdout,20261010,xyz_ema_a08,33,10,10,1.0
xyz_holdout,20261010,xyz_ema_a08,34,10,10,1.0
xyz_holdout,20261010,xyz_ema_a08,35,10,10,1.0
conservative,20261011,baseline,24,10,10,1.0
conservative,20261011,baseline,25,10,10,1.0
conservative,20261011,baseline,26,10,10,1.0
conservative,20261011,baseline,27,10,10,1.0
conservative,20261011,baseline,28,10,10,1.0
conservative,20261011,baseline,29,9,10,0.9
conservative,20261011,baseline,30,10,10,1.0
conservative,20261011,baseline,31,10,10,1.0
conservative,20261011,baseline,32,10,10,1.0
conservative,20261011,baseline,33,10,10,1.0
conservative,20261011,baseline,34,10,10,1.0
conservative,20261011,baseline,35,10,10,1.0
conservative,20261011,xyz_ema_a09,24,9,10,0.9
conservative,20261011,xyz_ema_a09,25,10,10,1.0
conservative,20261011,xyz_ema_a09,26,10,10,1.0
conservative,20261011,xyz_ema_a09,27,10,10,1.0
conservative,20261011,xyz_ema_a09,28,10,10,1.0
conservative,20261011,xyz_ema_a09,29,10,10,1.0
conservative,20261011,xyz_ema_a09,30,10,10,1.0
conservative,20261011,xyz_ema_a09,31,10,10,1.0
conservative,20261011,xyz_ema_a09,32,10,10,1.0
conservative,20261011,xyz_ema_a09,33,10,10,1.0
conservative,20261011,xyz_ema_a09,34,9,10,0.9
conservative,20261011,xyz_ema_a09,35,10,10,1.0
